[
{"price": "12000", "time": "4天前发布", "name": "5房空房诚心出租 户型方正 南北通透"},
{"price": "2601-2700", "time": "6天前发布", "name": "冠寓 深圳大芬店 A2 开间"},
{"price": "17500", "time": "12天前发布", "name": "双地铁 精装修大四房 交通方便 跃层"},
{"price": "14000", "time": "9天前发布", "name": "莲花山旁万科金色家园精装四房出租花园泳池双地铁口"},
{"price": "3150", "time": "6天前发布", "name": "冠寓 深圳大芬店 A4"},
{"price": "7500", "time": "13天前发布", "name": "大运地铁口 家私电齐 房子精装修保养的好 业主诚心租"},
{"price": "16000", "time": "12天前发布", "name": "海月花园三期 4室1厅 16000元"},
{"price": "11000", "time": "12天前发布", "name": "星河盛世5房家私齐全 白石龙地铁近 视野开阔"},
{"price": "2322-2680", "time": "6天前发布", "name": "集悦城@红花岭 6栋 A户型阳台房 开间"},
{"price": "23000", "time": "9天前发布", "name": "三面采光 经典户型  方正结构 保养极好"},
{"price": "6200", "time": "8天前发布", "name": "康达尔花园五房两卫出租，出门就是地铁、公交站。"},
{"price": "1700", "time": "6天前发布", "name": "驿住公寓 小寓家 坂田店 01型 一房一厅"},
{"price": "23000", "time": "8天前发布", "name": "双地铁口 梅林的繁华地段 闹中取静"},
{"price": "6000", "time": "7天前发布", "name": "潜龙曼海宁花园南区 3室2厅 6000元"},
{"price": "30000", "time": "5天前发布", "name": "百仕达红树西岸 3室2厅 30000元"},
{"price": "2080-2680", "time": "6天前发布", "name": "窝趣轻社区 窝趣红山轻社区 大富大贵 开间"},
{"price": "14000", "time": "1天前发布", "name": "碧海红树园 4室2厅 14000元"},
{"price": "2500", "time": "7天前发布", "name": "带装修 标准两房 空房出租 随时可以看房"},
{"price": "2200-2320", "time": "6天前发布", "name": "窝趣轻社区 窝趣红山轻社区 特价大单间 开间"},
{"price": "6300", "time": "6天前发布", "name": "万科麓城一期 3室2厅 6300元"},
{"price": "12000", "time": "9天前发布", "name": "中海深圳湾畔花园 4室1厅 12000元"},
{"price": "6000", "time": "10天前发布", "name": "文锦渡海关二院 大三房 交通便利 采光、通风好 近口岸"},
{"price": "850", "time": "4天前发布", "name": "欣欣公寓 爱联蒲排店 采光大单间 开间"},
{"price": "4300", "time": "13天前发布", "name": "东方半岛花园 正规大三房，主卧带卫生间 带部分家私"},
{"price": "6500", "time": "13天前发布", "name": "星河时代 4室2厅 6500元"},
{"price": "2300-2380", "time": "3天前发布", "name": "玖寓 御景店 2~6楼，一房一厅东"},
{"price": "6500", "time": "13天前发布", "name": "星河时代 4室2厅 6500元"},
{"price": "11500", "time": "12天前发布", "name": "黄埔雅苑三期 2室1厅 11500元"},
{"price": "23000", "time": "13天前发布", "name": "幸福里精装大三房  品质小区 看房方便"},
{"price": "1450", "time": "今天发布", "name": "职业房东 米粒公寓丹竹头 欧式大开间配沙发 开间"},
{"price": "33000", "time": "7天前发布", "name": "天御香山花园 4室2厅 33000元"},
{"price": "24000", "time": "9天前发布", "name": "东海花园精装四房，拎包入住，难道的好四房！！"},
{"price": "20000", "time": "9天前发布", "name": "东海花园优惠四房，可拎包入住！！！！"},
{"price": "3899", "time": "1天前发布", "name": "庭苑公寓 茉莉 阳光两房一厅 二居+"},
{"price": "8000", "time": "7天前发布", "name": "益田村多层楼梯四房寻找爱家的你"},
{"price": "2250", "time": "今天发布", "name": "庭苑公寓 金木犀 温馨单间--品牌认证 开间"},
{"price": "12000", "time": "9天前发布", "name": "南海玫瑰花园一期 2室2厅 12000元"},
{"price": "6900", "time": "8天前发布", "name": "碧海富通城六期精装 3 室  强势来袭"},
{"price": "2600-2850", "time": "今天发布", "name": "庭苑公寓 灵芝 大一房一厅-地铁房"},
{"price": "10000", "time": "8天前发布", "name": "四房两厅双卫，客厅出阳台，楼层视野棒"},
{"price": "9000", "time": "8天前发布", "name": "整租 ·   万科物业，采光好，实木地板，方正实用"},
{"price": "2850-2930", "time": "今天发布", "name": "庭苑公寓 灵芝 一房一厅-阳光房"},
{"price": "20000", "time": "5天前发布", "name": "整租 ·    熙龙湾花园 189平大6房 南向看花园 安静 拎包入住"},
{"price": "13500", "time": "7天前发布", "name": "深圳北站红山地铁口欧式风格精装修四房，家私电全齐"},
{"price": "32000", "time": "7天前发布", "name": "整租 ·   香蜜湖天御香山 2014年小区 南北通透 新装修带家具"},
{"price": "3800", "time": "今天发布", "name": "庭苑公寓 枫香 清爽两房一厅 二居+"},
{"price": "36000", "time": "6天前发布", "name": "蓝漪花园 5室1厅 36000元 跃层"},
{"price": "35000", "time": "7天前发布", "name": "君汇新天  大四房 精装随时入住"},
{"price": "1700", "time": "6天前发布", "name": "驿住公寓 小寓家 坂田店 04型 一房一厅"},
{"price": "6800", "time": "7天前发布", "name": "满京华喜悦里4房 房间干净明亮 家私全齐"},
{"price": "2020-2200", "time": "3天前发布", "name": "窝趣轻社区 硅谷动力轻社区 龙抬头"},
{"price": "15000", "time": "4天前发布", "name": "四代同堂，尊享万科好生活，给您舒适的居住体验"},
{"price": "28000", "time": "4天前发布", "name": "汀兰鹭榭花园 4室2厅 28000元"},
{"price": "2270-2380", "time": "3天前发布", "name": "玖寓 御景店 3~6 一房一厅 阳"},
{"price": "12000", "time": "4天前发布", "name": "华茂欣园 3室1厅 12000元"},
{"price": "24000", "time": "4天前发布", "name": "整租 ·   雅颂居惊天笋盘，精装修3房，真的真的别错过啦"},
{"price": "18000", "time": "3天前发布", "name": "海境界 户型方正 家私齐全，居家装修"},
{"price": "2340-2650", "time": "2天前发布", "name": "集悦城@红花岭 12栋 集悦城C房型 开间"},
{"price": "16500", "time": "3天前发布", "name": "万科金域蓝湾二期 3室1厅 16500元"},
{"price": "12500", "time": "2天前发布", "name": "星河盛世花园精装4房 南北通透"},
{"price": "14000", "time": "15天前发布", "name": "天安高尔夫花园 4室2厅 14000元"},
{"price": "18000", "time": "16天前发布", "name": "整租 · 京基御景东方 4室2厅 18000元"},
{"price": "2599-2850", "time": "6天前发布", "name": "庭苑公寓 珊瑚 标准一室一厅"},
{"price": "12000", "time": "15天前发布", "name": "美墅蓝山，正规四房，拎包入住，四人合租可行。 跃层"},
{"price": "26000", "time": "15天前发布", "name": "整租 ·   香蜜湖 地铁口 带固定车位精装三房拎包入住"},
{"price": "2400-2550", "time": "5天前发布", "name": "庭苑公寓 海棠 超大单间 开间"},
{"price": "10500", "time": "14天前发布", "name": "香蜜湖温馨三房一厅，家具齐全，拎包入住，期待有缘人"},
{"price": "21000", "time": "7天前发布", "name": "山野之上，鲸山九期，新家私，空置，诚心租，看房约"},
{"price": "28000", "time": "6天前发布", "name": "可办公的房子可居家环境优美车位充足智能化社区"},
{"price": "2300-2400", "time": "5天前发布", "name": "庭苑公寓 海棠 大阳台单间 开间"},
{"price": "7000", "time": "1天前发布", "name": "碧波花园优质四房，南北通面积大户型好"},
{"price": "2200", "time": "4天前发布", "name": "庭苑公寓 常青藤 经典单间—平台精选 开间"},
{"price": "6000", "time": "11天前发布", "name": "中航近地铁，使用面积大，小区环境好"},
{"price": "13500", "time": "9天前发布", "name": "海月花园三期 4室1厅 13500元"},
{"price": "2499-2700", "time": "4天前发布", "name": "庭苑公寓 珊瑚 舒适山景房一室一厅"},
{"price": "17000", "time": "13天前发布", "name": "半岛城邦花园二期 4室2厅 17000元"},
{"price": "19000", "time": "13天前发布", "name": "温馨舒适的宜家生活，风景都在眼里，舒适体会在心中."},
{"price": "3000", "time": "4天前发布", "name": "庭苑公寓 绿萝 一房一厅-豪华装修"},
{"price": "26000", "time": "13天前发布", "name": "美加广场 4室2厅 26000元 跃层"},
{"price": "15500", "time": "11天前发布", "name": "福田 城市杰座 精装两房 家具齐全"},
{"price": "35000", "time": "13天前发布", "name": "高尔夫景大三房  安静舒适 惬意生活"},
{"price": "2550", "time": "3天前发布", "name": "庭苑公寓 白杨 标准一室一厅-优选"},
{"price": "13000", "time": "11天前发布", "name": "海韵嘉园 3室2厅 13000元"},
{"price": "3250", "time": "3天前发布", "name": "庭苑公寓 常青藤 一房一厅—平台精选"},
{"price": "14000", "time": "10天前发布", "name": "擎天华庭 精致大三房 正南向方正通透 带固定车位！"},
{"price": "12000", "time": "10天前发布", "name": "星河盛世4+1房，初次空房出租，保养好，视野景观好"},
{"price": "2400-2800", "time": "2天前发布", "name": "庭苑公寓 梧桐 大一房一厅"},
{"price": "14000", "time": "9天前发布", "name": "户型方正，得房率高，客厅出阳台，采光充足"},
{"price": "12000", "time": "9天前发布", "name": "通透户型，通风采光好 前后看花园 位置安静"},
{"price": "3800", "time": "2天前发布", "name": "庭苑公寓 梧桐 两室一厅 二居+"},
{"price": "1480", "time": "10天前发布", "name": "职业房东 爱家公寓坂田店 28平方爱琴海单间"},
{"price": "5500", "time": "5天前发布", "name": "舒适两居 温馨房间 采光很好 拎包入住"},
{"price": "40000", "time": "5天前发布", "name": "星河国际花园 4室2厅 40000元"},
{"price": "9200", "time": "4天前发布", "name": "1号线宝体 幸福海岸二 户型方正 居家安静 拎包入住"},
{"price": "1680", "time": "10天前发布", "name": "职业房东 爱家公寓坂田店 32平地中海单间"},
{"price": "7400", "time": "今天发布", "name": "莱蒙水榭春天A区6期 3室2厅 7400元"},
{"price": "8200", "time": "3天前发布", "name": "年底好房，房子保养的很好，看过来看过来"},
{"price": "2080-2680", "time": "10天前发布", "name": "窝趣轻社区 窝趣红山轻社区 元气满满 开间"},
{"price": "6500", "time": "3天前发布", "name": "长丰苑正规大两房 客厅出阳台 面积大 采光好"},
{"price": "5000", "time": "2天前发布", "name": "大世纪杰座标准大三房  户型方正  交通便利 配套完善"},
{"price": "5300", "time": "2天前发布", "name": "友邻公寓 1室1厅 5300元"},
{"price": "2574-2950", "time": "9天前发布", "name": "集悦城@红花岭 15栋 舒适阳台山景房 开间"},
{"price": "11500", "time": "2天前发布", "name": "景田2号线莲花西地铁，办公用，空置随时可看"},
{"price": "8600", "time": "2天前发布", "name": "尚都二期 3室2厅 8600元"},
{"price": "3330-3999", "time": "9天前发布", "name": "集悦城@红花岭 16栋 42平大单间 开间"},
{"price": "7500", "time": "1天前发布", "name": "冠城世家 3室2厅 7500元"},
{"price": "10000", "time": "1天前发布", "name": "华业玫瑰四季馨园一期 4室1厅 10000元"},
{"price": "32000", "time": "16天前发布", "name": "红树西岸装修保养不错三房可看海景租售并举 诚心出租"},
{"price": "2080-2680", "time": "9天前发布", "name": "窝趣轻社区 窝趣红山轻社区 工资爆涨 开间"},
{"price": "17000", "time": "20天前发布", "name": "幸福海岸精装四房，幸福之家，从此开始。"},
{"price": "7600", "time": "13天前发布", "name": "西城上筑 临壹方城 自带华润万家 一号线+五号线"},
{"price": "2200-2480", "time": "8天前发布", "name": "集悦城@红花岭 16栋 全新E户型 开间"},
{"price": "9000", "time": "21天前发布", "name": "润恒尚园4房整租，简欧装修，保养好，园内环境优美"},
{"price": "15000", "time": "20天前发布", "name": "整租 ·   香蜜湖lou王单位大三房，南朝向，带阳台，随时看房。"},
{"price": "13000", "time": "17天前发布", "name": "百花正规三房 家私电齐全  拎包入住 有车位"},
{"price": "2380-2400", "time": "8天前发布", "name": "碧家国际社区 龙华地铁一店 阳光大床房 开间"},
{"price": "8000", "time": "16天前发布", "name": "家私齐全 近地铁閏号线 采光充足 交通便利 随时入住"},
{"price": "14500", "time": "18天前发布", "name": "深业新岸线一期 5室2厅 14500元"},
{"price": "2600", "time": "6天前发布", "name": "职业房东 南园村新三坊6号 南园村一房一厅"},
{"price": "17000", "time": "16天前发布", "name": "恒立听海特殊户型，给主人一个足够大的空间去享受生活"},
{"price": "9500", "time": "13天前发布", "name": "宏轩大厦 2室1厅 9500元"},
{"price": "7000", "time": "12天前发布", "name": "福田洼地，下梅林地铁口优质房源，配套齐完善"},
{"price": "750", "time": "15天前发布", "name": "驿住公寓 hello公寓 宝安店 01型 单间 开间"},
{"price": "11000", "time": "12天前发布", "name": "金泓凯旋城二期 4室2厅 11000元"},
{"price": "7300", "time": "10天前发布", "name": "嘉义山复式四房，家私电齐全，业主诚租。"},
{"price": "6600", "time": "12天前发布", "name": "特发和平里二期 3室2厅 6600元"},
{"price": "1000", "time": "15天前发布", "name": "驿住公寓 hello公寓 宝安店 03单间 开间"},
{"price": "6800", "time": "11天前发布", "name": "小区是京基地产开发，金地物业管理，人车分流"},
{"price": "13000", "time": "11天前发布", "name": "整租 ·   太古城南温馨三房，装修保养好，拎包入住"},
{"price": "1980-2980", "time": "15天前发布", "name": "窝趣轻社区 窝趣红山轻社区 女神房 开间"},
{"price": "9500", "time": "11天前发布", "name": "地铁四号线白石龙站万科小区精装三房"},
{"price": "13000", "time": "10天前发布", "name": "时遇春光明媚，鸟语花香，处优美华侨城海景花园欢迎您"},
{"price": "16000", "time": "10天前发布", "name": "纯海岸 3室2厅 16000元"},
{"price": "2000-2500", "time": "15天前发布", "name": "窝趣轻社区 窝趣红山轻社区 男神房 开间"},
{"price": "8500", "time": "7天前发布", "name": "东帝海景家园 3室1厅 8500元"},
{"price": "8200", "time": "10天前发布", "name": "勤诚达22世纪一期 3室2厅 8200元"},
{"price": "2000-2500", "time": "14天前发布", "name": "窝趣轻社区 窝趣红山轻社区 窝里有趣 开间"},
{"price": "13000", "time": "9天前发布", "name": "半岛二期现代两房，带扫地机器人、除湿器、洗碗机！"},
{"price": "4500", "time": "9天前发布", "name": "整租 · 横岗地铁站 志健时代广场 四房空房 大阳台可以办公"},
{"price": "7400", "time": "6天前发布", "name": "无缝接轨西乡地铁站！舒适大三房全齐拎包入住"},
{"price": "2400", "time": "12天前发布", "name": "窝趣轻社区 硅谷动力轻社区 雨天看房报销车费"},
{"price": "6000", "time": "8天前发布", "name": "东南朝向视野好，看香港，无遮挡，通风采光好"},
{"price": "11000", "time": "7天前发布", "name": "温馨大三房 赤尾站出口 等你来住"},
{"price": "2500", "time": "12天前发布", "name": "窝趣轻社区 硅谷动力轻社区 #窝趣爱你风雨无阻#"},
{"price": "6800", "time": "6天前发布", "name": "清湖地铁口，幸福城三期三房，家私齐全，随时入住。"},
{"price": "12000", "time": "6天前发布", "name": "福田中 心会展中 心旁花园小区105平大两房"},
{"price": "9500", "time": "1天前发布", "name": "莱蒙水榭春天二期 4室2厅 9500元"},
{"price": "1580", "time": "10天前发布", "name": "职业房东 爱家公寓坂田店 30平爱之居宽敞单间"},
{"price": "13800", "time": "5天前发布", "name": "中旅国际公馆二期 家私家电都可以配停车方便看小区"},
{"price": "8000", "time": "5天前发布", "name": "双地铁口三房 保养很好 装修精致"}
]